<?xml version="1.0" encoding="UTF-8"?>
<!DOCTYPE mapper PUBLIC "-//mybatis.org//DTD Mapper 3.0//EN" "http://mybatis.org/dtd/mybatis-3-mapper.dtd">
<mapper namespace="com.iurac.recruit.mapper.CompanyMapper">

    <select id="getNumOfCompanyInListedStatus" resultType="java.util.Map">
        select listed_status as name, count(*) as value from t_company group by listed_status
    </select>
    <select id="getNumOfCompanyInSize" resultType="java.util.Map">
        select size as name, count(*) as value from t_company group by size
    </select>
    <select id="getByCondition" resultType="com.iurac.recruit.entity.Company">
        select * from t_company
        <where>
            <if test="name!='' and name!=null">
                and name like concat('%',#{name},'%')
            </if>
            <if test="listedStatus!='' and listedStatus!=null">
                and listed_status = #{listedStatus}
            </if>
            <if test="size!='' and size!=null">
                and size = #{size}
            </if>
            <if test="startDate!='' and startDate!=null">
                and registration_time &gt;= #{startDate}
            </if>
            <if test="endDate!='' and endDate!=null">
                and registration_time &lt;= #{endDate}
            </if>
        </where>
        order by registration_time desc
        limit #{skipCount},#{limit}
    </select>
    <select id="getCountByCondition" resultType="java.lang.Long">
        select count(*) from t_company
        <where>
            <if test="name!='' and name!=null">
                and name like concat('%',#{name},'%')
            </if>
            <if test="listedStatus!='' and listedStatus!=null">
                and listed_status = #{listedStatus}
            </if>
            <if test="size!='' and size!=null">
                and size = #{size}
            </if>
            <if test="startDate!='' and startDate!=null">
                and registration_time &gt;= #{startDate}
            </if>
            <if test="endDate!='' and endDate!=null">
                and registration_time &lt;= #{endDate}
            </if>
        </where>
    </select>
</mapper>
